Model,RMSE,MAE,R2
Linear Regression,2.596618284280713,1.9166136629413293,0.9908757848171452
Random Forest,30.143831610976676,20.472655894727815,-0.22963497468587302
XGBoost,33.517709591399935,24.168863644001455,-0.5202953416140708
LSTM,35.984392068264604,28.068277523435395,-0.9992250527660944
