Model,RMSE,MAE,R2
Linear Regression,2.596618284280713,1.9166136629413246,0.9908757848171452
Polynomial Regression (deg=2),4.548631433396567,3.330335958387964,0.9720011113301823
Random Forest,30.161078746278488,20.46857305786143,-0.23104247643691922
XGBoost,33.91034549474784,24.399546542148357,-0.55612230005442
LSTM,42.42201607146681,34.53211557454076,-1.7785355245616077
