Model,RMSE,MAE,R2
Linear Regression,2.596618284280713,1.9166136629413293,0.9908757848171452
Random Forest,30.16107874627851,20.46857305786145,-0.231042476436921
XGBoost,33.91034549474784,24.399546542148357,-0.55612230005442
LSTM,36.67684753895692,28.450035950233197,-1.0769084122714845
